<?xml version='1.0' encoding='utf-8'?>
<!DOCTYPE hibernate-configuration PUBLIC
    "-//Hibernate/Hibernate Configuration DTD//EN"
    "http://www.hibernate.org/dtd/hibernate-configuration-3.0.dtd">
<hibernate-configuration>
  <session-factory>
    <property name = "hibernate.dialect">
      org.hibernate.dialect.MySQLDialect
    </property>

    <property name = "hibernate.connection.driver_class">com.mysql.cj.jdbc.Driver</property>
<!--    <property name="show_sql">true</property>-->


    <!-- Assume test is the database name -->
    <property name="hibernate.connection.url">jdbc:mysql://localhost:3306/ConferenceManagement</property>
    <property name="connection.username">root</property>
    <property name="connection.password">root</property>
    <mapping class="DTO.Conference"/>
    <mapping class="DTO.MeetingAccount"/>
    <mapping class="DTO.Place"/>
    <mapping class="DTO.User"/>


    <!-- DB schema will be updated if needed -->
    <!-- <property name="hibernate.hbm2ddl.auto">update</property> -->
  </session-factory>
</hibernate-configuration>